description,title,url
,Welcome to Nepal | Nepal's official Travel and Tourist ...,https://www.welcomenepal.com/
,Nepal travel advice - GOV.UK,https://www.gov.uk/foreign-travel-advice/nepal
,Nepal Travel Advisory,https://travel.state.gov/content/travel/en/traveladvisories/traveladvisories/nepal-travel-advisory.html
,COVID-19 Information - U.S. Embassy in Nepal,https://np.usembassy.gov/covid-19-information/
,Travel Guidelines - Nepal Government,https://nepal.gov.np:8443/NationalPortal/view-page?id=113
,Nepal Travel Advice & Safety | Smartraveller,https://www.smartraveller.gov.au/destinations/asia/nepal
,Travel advice and advisories for Nepal,https://travel.gc.ca/destinations/nepal
,Nepal Immigration,https://www.immigration.gov.np/
,Tourist Visa - Nepal Immigration,https://www.immigration.gov.np/page/tourist-visa
,"Travel Documents - Embassy of Nepal - London, UK",https://uk.nepalembassy.gov.np/travel-documents/
,"Travel Document - Embassy of Nepal, Washington DC, USA",https://us.nepalembassy.gov.np/travel-documents/
,Experience Nepal - Kathmandu - Intrepid Travel,https://www.intrepidtravel.com/en/nepal/experience-nepal-125567
,"Nepal Tours, Treks & Travel | Intrepid Travel",https://www.intrepidtravel.com/en/nepal
,Is Nepal Open for Tourism? Restrictions and Requirements,https://www.worldnomads.com/travel-safety/southern-asia/nepal/travel-alerts-and-warnings
,Nepal Tour Packages - Kathmandu and Pokhara - MakeMyTrip,https://www.makemytrip.com/holidays-international/nepal-vacation-tour-packages.html
,Nepal - Wikitravel,https://wikitravel.org/en/Nepal
,The complete guide to Nepal,https://www.worldtravelguide.net/guides/asia/nepal/
,Why visit Nepal? | FAQ | Magnificent Temples | andBeyond,https://www.andbeyond.com/advice/asia/nepal/why-visit-nepal/
,Nepal Visa Requirements & Application Form - Travel ...,https://www.traveldocs.com/expedited-visa-services/nepal-visa-processing-country155
,Nepal travel guide,https://www.responsibletravel.com/holidays/nepal/travel-guide
,COVID-19 Notice - Nepal Airlines Corporation,https://nepalairlines.com.np/home/page/covid-notice
,Find amazing hosts to stay on your trip to Nepal - Worldpackers,https://www.worldpackers.com/search/asia/nepal
,"Now, more weekly flights between Kathmandu and New Delhi",https://www.financialexpress.com/lifestyle/travel-tourism/planning-to-visit-nepal-now-more-weekly-flights-between-kathmandu-and-new-delhi-check-details/2293422/
,Travel Notice - Ministry of Foreign Affairs Nepal MOFA,https://mofa.gov.np/travel-notice/
,Nepal: Travel Health Information | IAMAT,https://www.iamat.org/country/nepal
,Travel in Nepal - Netherlandsworldwide.nl,https://www.netherlandsworldwide.nl/countries/nepal/travel
,Travel Tips Nepal for planning and on the go - Rough Guides,https://www.roughguides.com/nepal/travel-advice/
,Nepal - Travel - Times of India,https://timesofindia.indiatimes.com/travel/topic/nepal
,Travel blogs full of tips and information on Nepal! - Charlotte ...,https://www.charlotteplansatrip.com/en/nepal-en/
,Nepal Travel Forum - TripAdvisor,https://www.tripadvisor.com/ShowForum-g293889-i9243-Nepal.html
,Nepal Tours & Travel - G Adventures,https://www.gadventures.com/destinations/asia/nepal/
,Travel Documents - Consulate General of Nepal - New York ...,https://nyc.nepalconsulate.gov.np/travel-documents/
,"Exploring Crazy, Beautiful Kathmandu & Nepal Travel Tips",https://www.youtube.com/watch?v=otP2Tc9S5N0
,Nepal Travel Guide - National Geographic,https://www.nationalgeographic.com/travel/destination/nepal
,Best Sellers in Nepal Travel Guides - Amazon.com,https://www.amazon.com/Best-Sellers-Books-Nepal-Travel-Guides/zgbs/books/16815
,Aero Nepal Travel - Home | Facebook,https://www.facebook.com/AeroNepalTravel/
,Online Tourist Visa Application - Immigration - Nepal,http://online.nepalimmigration.gov.np/tourist-visa
,34 Things Nobody Tells You About Traveling in Nepal,https://practicalwanderlust.com/traveling-in-nepal/
,12 Top-Rated Tourist Attractions in Nepal | PlanetWare,https://www.planetware.com/tourist-attractions/nepal-nep.htm
,Nepal Vaccinations & Travel Health Advice,https://www.canadiantravelclinics.ca/Destinations/Central-Asia/421-/Nepal
,Nepal - Luxury Hotels & Tours - Remote Lands,https://www.remotelands.com/country/nepal
,Nepal Travel Guide » All the Best Things to Do in Nepal,https://alittleadrift.com/countries/traveling-nepal/
,Nepal Travel Advice | kimkim,https://www.kimkim.com/sc/nepal-travel-advice
,Nepal Travel Guide,https://www.thenepaltravelguide.com/
,Tibet to Nepal Travel and Tour: the Most Comprehensive Guide,https://www.tibettravel.org/tibet-travel-advice/nepal-travel/
,Nepal Holidays and Tours | Trips Made Local | Evaneos,https://www.evaneos.co.uk/nepal/
,Nepal Travel Tips: An Epic Guide to This Incredible Country,https://www.adventureinyou.com/travel-guides/nepal-travel-tips/
,Nepal Travel Guide And Visitor Information | TransIndus,https://www.transindus.co.uk/nepal/before-you-go-to-nepal/
,"Nepal Plans to Limit Women's Travel for Work, Again - Human ...",https://www.hrw.org/news/2021/02/11/nepal-plans-limit-womens-travel-work-again
,Nepal (Asia) - Fit for Travel,https://www.fitfortravel.nhs.uk/destinations/asia-east/nepal
,"Nepal's lockdown 2.0, new Covid curbs on travel - The ...",https://kathmandupost.com/money/2021/04/28/explained-nepal-s-lockdown-2-0-new-covid-curbs-on-travel
,Nepal Travel Information and Tours | Goway Travel,https://www.goway.com/travel-information/asia/nepal/introduction/
,Nepal Travel Guide - TripSavvy,https://www.tripsavvy.com/nepal-4138817
,Luxury Holidays in Nepal | Ultimate Travel Co,https://www.theultimatetravelcompany.co.uk/indian-subcontinent/nepal/
,Nepal Luxury Travel - Abercrombie & Kent,https://www.abercrombiekent.com/travel-destinations/india-himalayas-luxury-travel/nepal
,Buddha Air: Book Your Flight Tickets With Best Airline In Nepal,https://www.buddhaair.com/
,A Country Guide To nepal - Yatra.com,https://www.yatra.com/international-tourism/nepal
,Flying from the UK to Nepal: COVID-19 Travel Information,https://vivoclinic.com/travel-country/nepal/
,Nepal Travel Insurance | InsureandGo,https://www.insureandgo.com/travel-insurance/countries/nepal
,Types of holiday in Nepal - KE Adventure Travel,https://www.keadventure.com/destinations/asia/nepal
,Nepal travel experiences to explore - Rickshaw Travel,https://www.rickshawtravel.co.uk/asia/nepal/
,Luxury Nepal Holidays 2021/2022 - Scott Dunn,https://www.scottdunn.com/nepal
,Why You Should Visit Nepal - Travel Talk Tours,https://www.traveltalktours.com/visit-nepal/
,Nepal Treks & Tours - World Expeditions,https://worldexpeditions.com/Nepal
,Search (Nepal) - OSAC,https://www.osac.gov/Country/Nepal/Content/Search?contentTypes=Report&subContentTypes=Travel%20Advisories%2CAlerts
,"Nepal: free, expert travel guide | CN Traveller - Condé Nast ...",https://www.cntraveller.com/location/nepal
,Sasto Tickets - #1 Online Travel Agency of Nepal - Flights ...,https://sastotickets.com/
,Top Nepal Travel & Transportation Services - Viator,https://www.viator.com/Nepal-tours/Transfers-and-Ground-Transport/d724-g15
,Entrada Nepal Travel And Hospitality - Google,https://www.google.com.np/travel/hotels/Kathmandu/entity/ChoI2qOMtuvE69T7ARoNL2cvMTFmdmdqYjZiNxAB?g2lb=4207876%2C4208993%2C4223281%2C4242898%2C4248641%2C4251619%2C4253230%2C4250436%2C4253015&hl=en&gl=np&un=0&rp=OAFAAEgC&ictx=1&tcfs=EhoaGAoKMjAxOS0wNC0yMhIKMjAxOS0wNC0yM1IA&utm_campaign=sharing&utm_medium=link&utm_source=htls&ap=MAA&sa=X&ved=2ahUKEwiw58GTnL7yAhUitGUKHQqpCHYQv6wDegQIAhB_&ts=CAESABpUCjYSMjIlMHgzOWViMWEyY2U5ZGJlZjdiOjB4OGI4OTRkMzIxOWUyMjQ2NDoJS2F0aG1hbmR1GgASGhIUCgcI5Q8QCBgfEgcI5Q8QCRgBGAEyAhAAKgsKBygBOgNOUFIaAA
,Nepal - Business Travel - International Trade Administration,https://www.trade.gov/country-commercial-guides/nepal-business-travel
,Essential Nepal Travel Guide | Travel Begins at 40,https://www.travelbeginsat40.com/travel-guide/nepal-travel/
,Nepal Tourism & Travel Guide Information - Tour My India,https://www.tourmyindia.com/international/nepal/
,Plan Your Holiday in Nepal | Traveller.com.au,https://www.traveller.com.au/nepal
,Vaccinations for Nepal,https://www.travelvaccinationclinic.com.au/destinations-advice/vaccinations-for-nepal/
,Nepal travel guide - Heathrow Airport,https://www.heathrow.com/travel-guides/country-and-city-guides/nepal
,A Complete Post-Covid Travel Guide To Nepal - TravelTriangle,https://traveltriangle.com/blog/post-covid-travel-guide-for-nepal/
,"Nepal Tours, Trekking & Travel | Peregrine Adventures EN-US",https://www.peregrineadventures.com/en-us/nepal
,"India, Nepal to restart air travel with air bubble plan - The Hindu",https://www.thehindu.com/news/national/india-nepal-to-restart-air-travel-with-air-bubble-plan/article33297628.ece
,Nepal - Travel - The Telegraph,https://www.telegraph.co.uk/travel/destinations/asia/nepal/
,The Himalayan Times - Nepal's No.1 English Daily ...,https://www.thehimalayantimes.com/
,Visa Information | Embassy of Japan in Nepal,https://www.np.emb-japan.go.jp/itpr_en/visa.html
,Switzerland and Nepal,https://www.eda.admin.ch/countries/nepal/en/home.html
,Nepal Travel Blog | World Travel Family,https://worldtravelfamily.com/nepal-travel-blog/
,Nepal Traveller | Nepal's most visited website | A website that ...,https://nepaltraveller.com/
,Nepal Tours & Trips - TourRadar,https://www.tourradar.com/d/nepal
,About Air Transport Bubbles | Ministry of Civil Aviation,https://www.civilaviation.gov.in/en/about-air-transport-bubbles
,Nepal Travel Agency | Adventure Holiday Tour & Trek in ...,https://www.plannepal.com/
,Everest climbers struggle to return home amid Nepal COVID-19,https://www.reuters.com/world/asia-pacific/everest-climbers-struggle-return-home-amid-nepal-covid-19-travel-curbs-2021-06-02/
,Travel Insurance for Nepal from India Cost & Plans - Royal ...,https://www.royalsundaram.in/travel-insurance/countries/travel-insurance-for-nepal
,Travel Insurance for Nepal from India Cost & Plans - Royal ...,https://www.royalsundaram.in/travel-insurance/countries/travel-insurance-for-nepal
,15. Travel Document – Nepal Law Commission,https://www.lawcommission.gov.np/en/archives/9554
,"COVID-19: Nepal expands travel ban to Europe, Mideast",https://www.aa.com.tr/en/asia-pacific/covid-19-nepal-expands-travel-ban-to-europe-mideast/1770580
,Travelling to Nepal after Coronavirus | Nepal Travel Advice,https://highlandexpeditions.com/travelling-to-nepal-after-cornavirus/
,Nepal holidays | Travel | The Guardian,https://www.theguardian.com/travel/nepal
,Travel and Entry Requirements - Qatar Airways,https://www.qatarairways.com/en/travel-alerts/requirements.html
,When to go - Nepal Travel Guide | Kandoo Adventures,https://www.kandooadventures.com/destination-nepal/guide/when-to-go
,One Week In: Nepal - Klook Travel Blog,https://www.klook.com/blog/one-week-in-nepal/
,"Nepal Travels, Best Airfares to Nepal, Flights to Nepal, Tickets ...",https://www.nepaltravelsonline.com/
,Nepal Travel Guidelines: Latest COVID-19 Restrictions For ...,https://www.india.com/travel/articles/nepal-travel-guidelines-latest-covid-19-restrictions-for-those-planning-to-go-mountaineering-there-4158608/
,Coronavirus in Nepal | Nepal Travel Advisory | News & Events,https://www.itournepal.com/news/21/coronavirus-travel-advisory-for-nepal
,Do I need a vaccine to travel to Nepal? - iVisa.com,https://www.ivisa.com/nepal-blog/nepal-vaccination-requirements-do-i-need-a-vaccine-to-travel-to-nepal
,Travel Insurance for Nepal from India - TATA AIG,https://www.tataaig.com/travel-insurance/travel-insurance-nepal
,Australian Visa Information In Nepal - Home Page - VFS Global,https://www.vfsglobal.com/Australia/Nepal/
,Shangri-La Nepal Trek,http://www.shangrilanepal.com/
,Ultimate Nepal Travel Guide: Everything to Know for your ...,https://www.twowanderingsoles.com/blog/nepal-travel-guide
,Nepal suspends visa-on-arrival for nationals of countries ...,https://www.thejakartapost.com/travel/2020/03/04/nepal-suspends-visa-on-arrival-for-nationals-of-countries-badly-affected-by-covid-19.html
,Top 14 Best Treks in Nepal - Snapshot Overview - Bookmundi,https://www.bookmundi.com/t/top-12-best-treks-in-nepal-snapshot-overview
,Why is Nepal trying to ban women from travelling? | Euronews,https://www.euronews.com/travel/2021/02/18/why-is-nepal-trying-to-ban-women-from-travelling
,My First Travel Experience in Nepal - WanderWisdom,https://wanderwisdom.com/travelogue/My-First-Travel-Experience-in-Nepal
,Nepal Travel Guide | Moon & Honey Travel,https://www.moonhoneytravel.com/asia/nepal/
,A Nepal travel guide for first time visitors - Dave's Travel Pages,https://www.davestravelpages.com/nepal-travel-tips
,"Mega Bank Nepal: Consumer Banking, Corporate, SME, Micro ...",https://www.megabanknepal.com/
,16 Very Best Places To Visit In Nepal - Hand Luggage Only,https://handluggageonly.co.uk/2018/04/13/16-of-the-very-best-things-to-see-in-nepal/
,"Ya Nepal Travels | Simplifying Your Travel | Travel, Tours, Treks",https://yanepaltravels.com/
,"Nepal Travel, Trekking, Tours Information and provides tips on ...",https://www.visitnepal.com/
,Organise your trip to Nepal in 7 steps - eDreams Travel Blog,https://www.edreams.com/blog/organise-trip-nepal/
,DOH: Intensified biosurveillance reinforces need for stricter ...,https://doh.gov.ph/press-release/DOH-INTENSIFIED-BIOSURVEILLANCE-REINFORCES-NEED-FOR-STRICTER-BORDER-CONTROL-EXPANDS-TRAVEL-RESTRICTIONS-TO-PAKISTAN-BANGLADESH-NEPAL-AND-SRI-LANKA
,Trekking in Nepal | Small Groups Trek Company for Everest ...,https://www.nepalfootprintholiday.com/
,Nepal Travels & Expedition Pvt.Ltd | Tours and Travels ...,https://www.nepaltravels.com/
,More Than Mountains: The Ultimate Nepal Travel Guide,https://thriftynomads.com/nepal-travel-guide/
,Small and surprising: my top places to visit in Nepal - Travel ...,https://www.travelnation.co.uk/blog/small-and-surprising-my-top-places-to-visit-in-nepal
,Travel Nepal | Advice and inspiration for Nepal Travel,https://travelnepal.com/
,Travel Guidelines | Air Arabia,https://www.airarabia.com/en/travel-guidelines
,Travel requirements by destination | COVID-19 information hub,https://www.emirates.com/english/help/covid-19/travel-requirements-by-destination/
,Nepal Travel Guide: A Complete Guide to Visit Nepal,https://peakclimbingnepal.com/complete-nepal-travel-guide-visit-nepal/
,Nepal's government offices to be closed for 15 days amid ...,https://www.livemint.com/news/world/nepal-s-government-offices-to-be-closed-for-15-days-amid-surge-in-covid-19-cases-11596795086321.html
,Austria Lifts Quarantine Requirement for Travellers From UK ...,https://www.schengenvisainfo.com/news/austria-lifts-quarantine-requirement-for-travellers-from-uk-india-russia-several-other-countries/
,"Welcome : Prime Commercial Bank Ltd, Nepal",https://www.primebank.com.np/
,Hippie trail - Wikipedia,https://en.wikipedia.org/wiki/Hippie_trail
,What To Pack For Nepal | Packing List With 46 Things To Bring,https://www.traveltomtom.net/destinations/asia/nepal/what-to-pack-for-nepal-packing-list
,Trekking Agency In Nepal | Epic Of Many Hiking Companies,https://nepalgram.com/
,accessible tourism in nepal - International Finance Corporation,https://www.ifc.org/wps/wcm/connect/cc0e27ff-780c-4dd4-9a51-4652614615e2/Accessible+Tourism+Report+-+Nepal-updated-final.pdf?MOD=AJPERES&CVID=nJX28.f
,eSewa,https://esewa.com.np/
,Getaway Nepal Adventure: Nepal Tour | Trekking Holidays,https://www.getawaynepal.com/
,Singapore's Covid-19 vaccinated travel lane might help recover,https://www.hindustantimes.com/lifestyle/travel/singapores-covid-19-vaccinated-travel-lane-might-help-recover-trade-with-india-101629703977978.html
,The Rough Guide to Nepal (Travel Guide eBook),https://books.google.com.np/books?id=rTGWDwAAQBAJ&pg=PT43&lpg=PT43&dq=Nepal+Travel&source=bl&ots=sJytY9im4O&sig=ACfU3U2Hn9QHcOZiHsmm-1MkS2lYziVXgA&hl=ne&sa=X&ved=2ahUKEwiOitaehc7yAhWCwzgGHYc6DCs4tAEQ6AF6BAgjEAM
,"Nepal Tour Package - Nepal Package Tour Itinerary, Best Price",https://www.nepalpackagetour.com/
,17 Best Places to Visit in Nepal Before You Die - Tour Travel ...,https://www.tourtravelworld.com/blog/17-best-places-to-visit-in-nepal-before-you-die.htm
,Nepal Tour | Nepal Holiday Package | Nepal Tourism ...,https://www.nepaltourism.net/
,CGI federal,https://cgifederal.secure.force.com/
,Korean Air - Book your flight ticket with Korea's No.1 airline ...,https://www.koreanair.com/us/en
,Dubai issuing tourist visas for passengers with passports from ...,https://www.timeoutdubai.com/news/472782-tourist-visa-allowed-for-passengers-india-pakistan-sri-lanka-nigeria-nepal-passports-2021
,"UK travel: Which countries are on the red, amber & green list?",https://www.standard.co.uk/news/uk/travel-green-list-countries-announced-what-time-holidays-b933732.html
,Indian infrastructure companies interact with Nepal officials over,https://www.aninews.in/news/world/asia/indian-infrastructure-companies-interact-with-nepal-officials-over-business-opportunities20210824164657
,Exploring Nepal in 7 days- What to do? - Travel Gecko Nepal,https://travelgeckonepal.com/exploring-nepal-in-7-days-what-to-do/
,Nepal Rastra Bank,https://www.nrb.org.np/
,Multi-sectoral impact of the COVID-19 second wave in Nepal,https://www.wvi.org/publications/policy-paper/nepal/multi-sectoral-impact-covid-19-second-wave-nepal-2021
,"Pulchowk Campus – Institute of Engineering, Tribhuvan ...",https://pcampus.edu.np/
,13 Tage Nepal Reise: Best of Nepal - Rundreise in Nepal und ...,https://abenteuerteam.de/13-tage-nepal-reise-best-of-nepal-rundreise-in-nepal-und-leichtes-bergwandern-von-huette-zu-huette-trekking-in-nepal-ohne-zeltuebernachtungen/10141
